{"cameraMode":{"drawMode":0,"name":"Shaded","section":"Shading Mode"},"sceneLighting":false,"audioPlay":false,"sceneViewState":{"showFog":true,"showMaterialUpdate":true,"showSkybox":true,"showFlares":true,"showImageEffects":true,"showParticleSystems":true},"in2DMode":false,"pivot":{"x":2.0656051635742189,"y":-0.8772544860839844,"z":-28.96054458618164},"rotation":{"x":0.11148571968078613,"y":-0.7956808805465698,"z":0.15426352620124818,"w":0.5750353336334229},"size":14.372036933898926,"orthographic":false}